http://catalog.ihsn.org/index.php/catalog/4536/download/57934,null
http://catalog.ihsn.org/index.php/catalog/4537/download/57941,null
http://catalog.ihsn.org/index.php/catalog/4538/download/57948,null
http://catalog.ihsn.org/index.php/catalog/4539/download/57957,null
http://catalog.ihsn.org/index.php/catalog/4540/download/57965,null
http://catalog.ihsn.org/index.php/catalog/4541/download/57973,null
http://catalog.ihsn.org/index.php/catalog/4542/download/57981,null
http://catalog.ihsn.org/index.php/catalog/4543/download/57990,null
http://catalog.ihsn.org/index.php/catalog/4544/download/57998,null
http://catalog.ihsn.org/index.php/catalog/4545/download/58006,null
http://catalog.ihsn.org/index.php/catalog/4546/download/58014,null
http://catalog.ihsn.org/index.php/catalog/4547/download/58023,null
http://catalog.ihsn.org/index.php/catalog/4548/download/58031,null
http://catalog.ihsn.org/index.php/catalog/4549/download/58039,null
http://catalog.ihsn.org/index.php/catalog/4550/download/58047,null
http://catalog.ihsn.org/index.php/catalog/4551/download/58055,null
http://catalog.ihsn.org/index.php/catalog/4552/download/58063,null
http://catalog.ihsn.org/index.php/catalog/4553/download/58071,null
http://catalog.ihsn.org/index.php/catalog/4554/download/58079,null
http://catalog.ihsn.org/index.php/catalog/4559/download/58127,http://catalog.ihsn.org/index.php/catalog/4559/download/58129
http://catalog.ihsn.org/index.php/catalog/4560/download/58137,http://catalog.ihsn.org/index.php/catalog/4560/download/58139
http://catalog.ihsn.org/index.php/catalog/4561/download/58147,http://catalog.ihsn.org/index.php/catalog/4561/download/58149
http://catalog.ihsn.org/index.php/catalog/4562/download/58157,http://catalog.ihsn.org/index.php/catalog/4562/download/58159
http://catalog.ihsn.org/index.php/catalog/4563/download/58167,null
http://catalog.ihsn.org/index.php/catalog/4564/download/58176,null
http://catalog.ihsn.org/index.php/catalog/4565/download/58185,null
http://catalog.ihsn.org/index.php/catalog/4566/download/58194,null
http://catalog.ihsn.org/index.php/catalog/3017/download/45266,null
http://catalog.ihsn.org/index.php/catalog/3016/download/45253,null
http://catalog.ihsn.org/index.php/catalog/3015/download/45240,null
http://catalog.ihsn.org/index.php/catalog/3014/download/45227,null
http://catalog.ihsn.org/index.php/catalog/3006/download/45152,null
http://catalog.ihsn.org/index.php/catalog/3005/download/45139,null
http://catalog.ihsn.org/index.php/catalog/3004/download/45126,null
http://catalog.ihsn.org/index.php/catalog/3003/download/45112,null
http://catalog.ihsn.org/index.php/catalog/2997/download/45078,null
http://catalog.ihsn.org/index.php/catalog/2996/download/45065,null
http://catalog.ihsn.org/index.php/catalog/2995/download/45052,null
http://catalog.ihsn.org/index.php/catalog/2994/download/45039,null
http://catalog.ihsn.org/index.php/catalog/2993/download/45026,null
http://catalog.ihsn.org/index.php/catalog/2992/download/45013,null
http://catalog.ihsn.org/index.php/catalog/2991/download/45000,null
http://catalog.ihsn.org/index.php/catalog/2990/download/44987,null
http://catalog.ihsn.org/index.php/catalog/4555/download/58087,http://catalog.ihsn.org/index.php/catalog/4555/download/58088
http://catalog.ihsn.org/index.php/catalog/4556/download/58097,http://catalog.ihsn.org/index.php/catalog/4556/download/58099
http://catalog.ihsn.org/index.php/catalog/4557/download/58107,http://catalog.ihsn.org/index.php/catalog/4557/download/58109
http://catalog.ihsn.org/index.php/catalog/4558/download/58117,http://catalog.ihsn.org/index.php/catalog/4558/download/58119
http://catalog.ihsn.org/index.php/catalog/4567/download/58203,null
http://catalog.ihsn.org/index.php/catalog/4697/download/59277,null
http://catalog.ihsn.org/index.php/catalog/3960/download/53824,http://catalog.ihsn.org/index.php/catalog/3960/download/53825
http://catalog.ihsn.org/index.php/catalog/3961/download/53835,http://catalog.ihsn.org/index.php/catalog/3961/download/53846
http://catalog.ihsn.org/index.php/catalog/3962/download/53848,http://catalog.ihsn.org/index.php/catalog/3962/download/53849
http://catalog.ihsn.org/index.php/catalog/3963/download/53859,http://catalog.ihsn.org/index.php/catalog/3963/download/53873
http://catalog.ihsn.org/index.php/catalog/3964/download/53880,http://catalog.ihsn.org/index.php/catalog/3964/download/53899
http://catalog.ihsn.org/index.php/catalog/3010/download/45189,http://catalog.ihsn.org/index.php/catalog/3010/download/45195
http://catalog.ihsn.org/index.php/catalog/3971/download/54023,http://catalog.ihsn.org/index.php/catalog/3971/download/54033
"http://catalog.ihsn.org/index.php/catalog/450/download/65556""","http://catalog.ihsn.org/index.php/catalog/450/download/65555"""
"http://catalog.ihsn.org/index.php/catalog/452/download/65560""","http://catalog.ihsn.org/index.php/catalog/452/download/65559"""
"http://catalog.ihsn.org/index.php/catalog/455/download/65570""","http://catalog.ihsn.org/index.php/catalog/455/download/65569"""
"http://catalog.ihsn.org/index.php/catalog/457/download/30904""",null
"http://catalog.ihsn.org/index.php/catalog/459/download/65585""",null
"http://catalog.ihsn.org/index.php/catalog/460/download/65590""",null
http://catalog.ihsn.org/index.php/catalog/3582/download/65653,null
http://catalog.ihsn.org/index.php/catalog/2534/download/38406,"/W3C//DTD XHTML 1.0 Transitional//EN"" ""http://www.w3.org/TR/x"
null,null
http://catalog.ihsn.org/index.php/catalog/3834/download/53174,http://catalog.ihsn.org/index.php/catalog/3834/download/53172
http://catalog.ihsn.org/index.php/catalog/4974/download/61379,null
http://catalog.ihsn.org/index.php/catalog/4978/download/61399,null
http://catalog.ihsn.org/index.php/catalog/4982/download/61419,null
http://catalog.ihsn.org/index.php/catalog/4977/download/61394,null
http://catalog.ihsn.org/index.php/catalog/4976/download/61389,null
http://catalog.ihsn.org/index.php/catalog/4975/download/61384,null
http://catalog.ihsn.org/index.php/catalog/4981/download/61414,null
http://catalog.ihsn.org/index.php/catalog/4980/download/61409,null
http://catalog.ihsn.org/index.php/catalog/4979/download/61404,null
http://catalog.ihsn.org/index.php/catalog/4986/download/61439,null
http://catalog.ihsn.org/index.php/catalog/4990/download/61459,null
http://catalog.ihsn.org/index.php/catalog/4994/download/61479,null
http://catalog.ihsn.org/index.php/catalog/4983/download/61424,null
http://catalog.ihsn.org/index.php/catalog/4989/download/61454,null
http://catalog.ihsn.org/index.php/catalog/4988/download/61449,null
http://catalog.ihsn.org/index.php/catalog/4985/download/61434,null
http://catalog.ihsn.org/index.php/catalog/4987/download/61444,null
http://catalog.ihsn.org/index.php/catalog/4993/download/61474,null
http://catalog.ihsn.org/index.php/catalog/4992/download/61469,null
http://catalog.ihsn.org/index.php/catalog/4991/download/61464,null
http://catalog.ihsn.org/index.php/catalog/4995/download/61484,null
http://catalog.ihsn.org/index.php/catalog/4996/download/61490,null
http://catalog.ihsn.org/index.php/catalog/4997/download/61496,null
http://catalog.ihsn.org/index.php/catalog/4998/download/61502,null
http://catalog.ihsn.org/index.php/catalog/5002/download/61526,null
http://catalog.ihsn.org/index.php/catalog/5006/download/61550,null
http://catalog.ihsn.org/index.php/catalog/5001/download/61520,null
http://catalog.ihsn.org/index.php/catalog/5000/download/61514,null
http://catalog.ihsn.org/index.php/catalog/4999/download/61508,null
http://catalog.ihsn.org/index.php/catalog/5005/download/61544,null
http://catalog.ihsn.org/index.php/catalog/5004/download/61538,null
http://catalog.ihsn.org/index.php/catalog/5003/download/61532,null
"/W3C//DTD XHTML 1.0 Transitional//EN"" ""http://www.w3.org/TR/x","/W3C//DTD XHTML 1.0 Transitional//EN"" ""http://www.w3.org/TR/x"
http://catalog.ihsn.org/index.php/catalog/5010/download/61574,null
http://catalog.ihsn.org/index.php/catalog/5014/download/61598,null
http://catalog.ihsn.org/index.php/catalog/5018/download/61622,null
http://catalog.ihsn.org/index.php/catalog/5007/download/61556,null
http://catalog.ihsn.org/index.php/catalog/5008/download/61562,null
http://catalog.ihsn.org/index.php/catalog/5013/download/61592,null
http://catalog.ihsn.org/index.php/catalog/5012/download/61586,null
http://catalog.ihsn.org/index.php/catalog/5009/download/61568,null
http://catalog.ihsn.org/index.php/catalog/5011/download/61580,null
http://catalog.ihsn.org/index.php/catalog/5017/download/61616,null
http://catalog.ihsn.org/index.php/catalog/5016/download/61610,null
http://catalog.ihsn.org/index.php/catalog/5015/download/61604,null
http://catalog.ihsn.org/index.php/catalog/5022/download/61646,null
http://catalog.ihsn.org/index.php/catalog/5026/download/61670,null
http://catalog.ihsn.org/index.php/catalog/5030/download/61694,null
http://catalog.ihsn.org/index.php/catalog/5019/download/61628,null
http://catalog.ihsn.org/index.php/catalog/5020/download/61634,null
http://catalog.ihsn.org/index.php/catalog/5025/download/61664,null
http://catalog.ihsn.org/index.php/catalog/5024/download/61658,null
http://catalog.ihsn.org/index.php/catalog/5021/download/61640,null
http://catalog.ihsn.org/index.php/catalog/5023/download/61652,null
http://catalog.ihsn.org/index.php/catalog/5029/download/61688,null
http://catalog.ihsn.org/index.php/catalog/5028/download/61682,null
http://catalog.ihsn.org/index.php/catalog/5027/download/61676,null
http://catalog.ihsn.org/index.php/catalog/4795/download/60361,http://catalog.ihsn.org/index.php/catalog/4795/download/60371
null,null
http://catalog.ihsn.org/index.php/catalog/5033/download/61712,null
http://catalog.ihsn.org/index.php/catalog/5037/download/61736,null
http://catalog.ihsn.org/index.php/catalog/5041/download/61760,null
http://catalog.ihsn.org/index.php/catalog/4946/download/61189,null
http://catalog.ihsn.org/index.php/catalog/5031/download/61700,null
http://catalog.ihsn.org/index.php/catalog/5036/download/61730,null
http://catalog.ihsn.org/index.php/catalog/5035/download/61724,null
http://catalog.ihsn.org/index.php/catalog/5032/download/61706,null
http://catalog.ihsn.org/index.php/catalog/5034/download/61718,null
http://catalog.ihsn.org/index.php/catalog/5040/download/61754,null
http://catalog.ihsn.org/index.php/catalog/5039/download/61748,null
http://catalog.ihsn.org/index.php/catalog/5038/download/61742,null
"http://catalog.ihsn.org/index.php/catalog/684/download/31702""","http://catalog.ihsn.org/index.php/catalog/684/download/31707"""
null,null
http://catalog.ihsn.org/index.php/catalog/2338/download/37180,http://catalog.ihsn.org/index.php/catalog/2338/download/37187
http://catalog.ihsn.org/index.php/catalog/5045/download/61784,null
http://catalog.ihsn.org/index.php/catalog/5049/download/61808,null
http://catalog.ihsn.org/index.php/catalog/5053/download/61832,null
http://catalog.ihsn.org/index.php/catalog/5042/download/61766,null
http://catalog.ihsn.org/index.php/catalog/5043/download/61772,null
http://catalog.ihsn.org/index.php/catalog/5048/download/61802,null
http://catalog.ihsn.org/index.php/catalog/5047/download/61796,null
http://catalog.ihsn.org/index.php/catalog/5044/download/61778,null
http://catalog.ihsn.org/index.php/catalog/5046/download/61790,null
http://catalog.ihsn.org/index.php/catalog/5052/download/61826,null
http://catalog.ihsn.org/index.php/catalog/5051/download/61820,null
http://catalog.ihsn.org/index.php/catalog/5050/download/61814,null
http://catalog.ihsn.org/index.php/catalog/2339/download/37190,http://catalog.ihsn.org/index.php/catalog/2339/download/37197
http://catalog.ihsn.org/index.php/catalog/5057/download/61856,null
http://catalog.ihsn.org/index.php/catalog/5061/download/61880,null
http://catalog.ihsn.org/index.php/catalog/5065/download/61904,null
http://catalog.ihsn.org/index.php/catalog/5054/download/61838,null
http://catalog.ihsn.org/index.php/catalog/5055/download/61844,null
http://catalog.ihsn.org/index.php/catalog/5060/download/61874,null
http://catalog.ihsn.org/index.php/catalog/5059/download/61868,null
http://catalog.ihsn.org/index.php/catalog/5056/download/61850,null
http://catalog.ihsn.org/index.php/catalog/5058/download/61862,null
http://catalog.ihsn.org/index.php/catalog/5064/download/61898,null
http://catalog.ihsn.org/index.php/catalog/5063/download/61892,null
http://catalog.ihsn.org/index.php/catalog/5062/download/61886,null
http://catalog.ihsn.org/index.php/catalog/5069/download/61928,null
http://catalog.ihsn.org/index.php/catalog/5073/download/61952,null
http://catalog.ihsn.org/index.php/catalog/5077/download/61976,null
http://catalog.ihsn.org/index.php/catalog/5066/download/61910,null
http://catalog.ihsn.org/index.php/catalog/5067/download/61916,null
http://catalog.ihsn.org/index.php/catalog/5072/download/61946,null
http://catalog.ihsn.org/index.php/catalog/5071/download/61940,null
http://catalog.ihsn.org/index.php/catalog/5068/download/61922,null
http://catalog.ihsn.org/index.php/catalog/5070/download/61934,null
http://catalog.ihsn.org/index.php/catalog/5076/download/61970,null
http://catalog.ihsn.org/index.php/catalog/5075/download/61964,null
http://catalog.ihsn.org/index.php/catalog/5074/download/61958,null
http://catalog.ihsn.org/index.php/catalog/4568/download/58215,null
http://catalog.ihsn.org/index.php/catalog/2340/download/65623,http://catalog.ihsn.org/index.php/catalog/2340/download/65631
http://catalog.ihsn.org/index.php/catalog/2341/download/37211,http://catalog.ihsn.org/index.php/catalog/2341/download/37219
http://catalog.ihsn.org/index.php/catalog/5081/download/62000,null
http://catalog.ihsn.org/index.php/catalog/5085/download/62024,null
http://catalog.ihsn.org/index.php/catalog/5089/download/62048,null
http://catalog.ihsn.org/index.php/catalog/5078/download/61982,null
http://catalog.ihsn.org/index.php/catalog/5079/download/61988,null
http://catalog.ihsn.org/index.php/catalog/5084/download/62018,null
http://catalog.ihsn.org/index.php/catalog/5083/download/62012,null
http://catalog.ihsn.org/index.php/catalog/5080/download/61994,null
http://catalog.ihsn.org/index.php/catalog/5082/download/62006,null
http://catalog.ihsn.org/index.php/catalog/5088/download/62042,null
http://catalog.ihsn.org/index.php/catalog/5087/download/62036,null
http://catalog.ihsn.org/index.php/catalog/5086/download/62030,null
http://catalog.ihsn.org/index.php/catalog/1822/download/42620,http://catalog.ihsn.org/index.php/catalog/1822/download/42627
null,null
http://catalog.ihsn.org/index.php/catalog/5093/download/62072,null
http://catalog.ihsn.org/index.php/catalog/5097/download/62096,null
http://catalog.ihsn.org/index.php/catalog/5101/download/62120,http://catalog.ihsn.org/index.php/catalog/5101/download/62127
http://catalog.ihsn.org/index.php/catalog/5090/download/62054,null
http://catalog.ihsn.org/index.php/catalog/5091/download/62060,null
http://catalog.ihsn.org/index.php/catalog/5096/download/62090,null
http://catalog.ihsn.org/index.php/catalog/5095/download/62084,null
http://catalog.ihsn.org/index.php/catalog/5092/download/62066,null
http://catalog.ihsn.org/index.php/catalog/5094/download/62078,null
http://catalog.ihsn.org/index.php/catalog/5100/download/62114,null
http://catalog.ihsn.org/index.php/catalog/5099/download/62108,null
http://catalog.ihsn.org/index.php/catalog/5098/download/62102,null
"/W3C//DTD XHTML 1.0 Transitional//EN"" ""http://www.w3.org/TR/x",null
http://catalog.ihsn.org/index.php/catalog/5135/download/62400,http://catalog.ihsn.org/index.php/catalog/5135/download/62401
null,null
http://catalog.ihsn.org/index.php/catalog/5105/download/62146,null
http://catalog.ihsn.org/index.php/catalog/5109/download/62170,null
http://catalog.ihsn.org/index.php/catalog/5113/download/62194,null
http://catalog.ihsn.org/index.php/catalog/5102/download/62128,null
http://catalog.ihsn.org/index.php/catalog/5103/download/62134,null
http://catalog.ihsn.org/index.php/catalog/5108/download/62164,null
http://catalog.ihsn.org/index.php/catalog/5107/download/62158,null
http://catalog.ihsn.org/index.php/catalog/5104/download/62140,null
http://catalog.ihsn.org/index.php/catalog/5106/download/62152,null
http://catalog.ihsn.org/index.php/catalog/5112/download/62188,null
http://catalog.ihsn.org/index.php/catalog/5111/download/62182,null
http://catalog.ihsn.org/index.php/catalog/5110/download/62176,null
http://catalog.ihsn.org/index.php/catalog/5117/download/62218,null
http://catalog.ihsn.org/index.php/catalog/4962/download/61307,null
http://catalog.ihsn.org/index.php/catalog/4966/download/61331,null
http://catalog.ihsn.org/index.php/catalog/5115/download/62206,null
http://catalog.ihsn.org/index.php/catalog/5114/download/62200,null
http://catalog.ihsn.org/index.php/catalog/4961/download/61301,null
http://catalog.ihsn.org/index.php/catalog/4960/download/61295,null
http://catalog.ihsn.org/index.php/catalog/5116/download/62212,null
http://catalog.ihsn.org/index.php/catalog/5118/download/62224,null
http://catalog.ihsn.org/index.php/catalog/4965/download/61325,null
http://catalog.ihsn.org/index.php/catalog/4964/download/61319,null
http://catalog.ihsn.org/index.php/catalog/4963/download/61313,null
http://catalog.ihsn.org/index.php/catalog/4970/download/61355,null
http://catalog.ihsn.org/index.php/catalog/4967/download/61337,null
http://catalog.ihsn.org/index.php/catalog/4968/download/61343,null
http://catalog.ihsn.org/index.php/catalog/4973/download/61373,null
http://catalog.ihsn.org/index.php/catalog/4972/download/61367,null
http://catalog.ihsn.org/index.php/catalog/4969/download/61349,null
http://catalog.ihsn.org/index.php/catalog/4971/download/61361,null
